<?xml version="1.0" encoding="UTF-8"?>
<project-private xmlns="http://www.netbeans.org/ns/project-private/1">
    <editor-bookmarks xmlns="http://www.netbeans.org/ns/editor-bookmarks/2" lastBookmarkId="0"/>
    <open-files xmlns="http://www.netbeans.org/ns/projectui-open-files/2">
        <group>
            <file>file:/C:/Users/maiella.stefano/Desktop/GitHub/TestMagazzino/src/testmagazzino/TestMagazzino.java</file>
            <file>file:/C:/Users/maiella.stefano/Desktop/GitHub/TestMagazzino/src/testmagazzino/Pesabile.java</file>
            <file>file:/C:/Users/maiella.stefano/Desktop/GitHub/TestMagazzino/src/testmagazzino/Orata.java</file>
            <file>file:/C:/Users/maiella.stefano/Desktop/GitHub/TestMagazzino/src/testmagazzino/Lotto.java</file>
            <file>file:/C:/Users/maiella.stefano/Desktop/GitHub/TestMagazzino/src/testmagazzino/Prodotto.java</file>
            <file>file:/C:/Users/maiella.stefano/Desktop/GitHub/TestMagazzino/src/testmagazzino/Farina.java</file>
            <file>file:/C:/Users/maiella.stefano/Desktop/GitHub/TestMagazzino/src/testmagazzino/NFCLeggibile.java</file>
            <file>file:/C:/Users/maiella.stefano/Desktop/GitHub/TestMagazzino/src/testmagazzino/Settore.java</file>
            <file>file:/C:/Users/maiella.stefano/Desktop/GitHub/TestMagazzino/src/testmagazzino/Magazzino.java</file>
            <file>file:/C:/Users/maiella.stefano/Desktop/GitHub/TestMagazzino/src/testmagazzino/Pesce.java</file>
        </group>
    </open-files>
</project-private>
